feature,importance
lag_days,0.6241496254514786
amt,0.043699829249394695
amt_vs_proc,0.027981230423632653
prov_monthly,0.020058927252638303
amt_vs_dx,0.010648022204228114
lag_le3,0.005046669307582241
amt_per_stay_day,0.003217265535199687
age,0.00300215605507248
Diagnosis_Code,0.0023301935125359385
male,0.00125496249529794
Insurance_Type,0.000901952059909894
dow,0.00023106796706251487
Provider_Specialty,-0.0005896221850189565
prior_visits,-0.0010313143095231347
month,-0.0012547195805940325
chronic,-0.0013893539605217553
Patient_State,-0.0017291577135021274
Procedure_Code,-0.0020607386158861263
los,-0.0034154319901613106
Visit_Type,-0.005669924602721477
