model,key,family,papers,cv_ap,cv_auc,test_precision,test_recall,test_f1,test_f2,test_auc,test_ap,test_fpr,threshold,seconds
Logistic Regression,lr,Linear,[3] [5],0.7577435233583387,0.9649827487374469,0.40789473684210525,0.8378378378378378,0.5486725663716814,0.6919642857142857,0.9632255587485893,0.7378395452183502,0.09685751183814034,0.65,1.4609239101409912
Linear SVM (calibrated),svm,Linear,[2] [10],0.7526729786936703,0.9647226646398095,0.4457831325301205,0.8,0.5725338491295938,0.6902985074626866,0.9630161371013717,0.7369185347798375,0.07920792079207921,0.19999999999999998,2.320230722427368
K-Nearest Neighbours,knn,Distance,[10],0.5571487395067767,0.8996783981903407,0.29916317991631797,0.772972972972973,0.43137254901960786,0.5870279146141215,0.8992239764516994,0.5466436764249702,0.14421007318123116,0.11,2.30012845993042
Naive Bayes,nb,Probabilistic,[10],0.49164630964501205,0.9315474300879434,0.3956386292834891,0.6864864864864865,0.5019762845849802,0.5984919886899152,0.9316913124920012,0.46336399125978156,0.08351269909599655,0.06,2.4079654216766357
Decision Tree,dt,Tree,[3] [10],0.7247567217591542,0.9459561344473792,0.3651804670912951,0.9297297297297298,0.524390243902439,0.7101568951279934,0.9536957103465928,0.7010387652808332,0.12871287128712872,0.6,1.802644968032837
Random Forest,rf,Tree ensemble,[3] [5] [24],0.7503532655691654,0.9673985603993731,0.4014778325123153,0.8810810810810811,0.5516074450084603,0.7111692844677138,0.966827611080732,0.7225208197889034,0.10460611278519157,0.22,23.58335566520691
Extra Trees,et,Tree ensemble,[26],0.7050727529373694,0.9550267657601441,0.4301675977653631,0.8324324324324325,0.567219152854512,0.7012750455373407,0.9594233923979942,0.6936323628163429,0.0878174773999139,0.35000000000000003,10.367987394332886
AdaBoost,ada,Boosting,[11] [26],0.7882345798810919,0.9712390524322286,0.5176056338028169,0.7945945945945946,0.6268656716417911,0.7177734375,0.9699247245523612,0.7562452641300836,0.05897546276366767,0.53,26.895868062973022
Gradient Boosting,gb,Boosting,[10],0.7618156531052362,0.9674491260085911,0.42424242424242425,0.8324324324324325,0.5620437956204379,0.6980961015412511,0.9664599597445056,0.740933240516104,0.08996986655187258,0.52,30.638994693756104
Hist Gradient Boosting (LightGBM-style),hgb,Boosting,[11],0.7690964737625309,0.9670609272508273,0.3302919708029197,0.9783783783783784,0.49386084583901774,0.702639751552795,0.9686286372468034,0.7618886003434459,0.15798536375376668,0.15,6.95255970954895
Neural Network (MLP),mlp,Neural,[4] [12],0.6719071106909501,0.9482507473733094,0.40793201133144474,0.7783783783783784,0.5353159851301115,0.6587374199451053,0.947516608300078,0.6303277645527252,0.08996986655187258,0.05,18.069013357162476
XGBoost,xgb,Boosting,[3] [11] [16],0.769366937763768,0.9675237272885587,0.4019138755980861,0.9081081081081082,0.5572139303482587,0.7253886010362695,0.9676559900408372,0.7545064878647394,0.1076194575979337,0.31,6.847606658935547
LightGBM,lgbm,Boosting,[11] [18],0.7658751077937578,0.9663598112700992,0.3917995444191344,0.9297297297297298,0.5512820512820513,0.729431721798134,0.9658060988237483,0.7421103167986731,0.1149375807145932,0.16,5.470577716827393
CatBoost,cat,Boosting,[18] [25],0.7729098489585078,0.9684624789574505,0.36989247311827955,0.9297297297297298,0.5292307692307693,0.7136929460580913,0.9672999732405673,0.7554898553136704,0.1261300043047783,0.30000000000000004,14.020938873291016
Rules only,rules,Rules,[1] [16],,,0.3086734693877551,0.654054054054054,0.4194107452339688,0.534452296819788,0.7759153471163803,0.33879939341386967,0.11665949203616013,0.32,
Blend / champion (ML only),champion_ml,Ensemble,[18],,,0.3952941176470588,0.9081081081081082,0.5508196721311476,0.721030042918455,0.9692824981675605,0.7728361244751395,0.11063280241067586,0.62,
FraudDex hybrid (ML + rules),hybrid,Hybrid,[16],,,0.4,0.8864864864864865,0.5512605042016807,0.7130434782608696,0.967737431792533,0.7397635454141421,0.10589754627636677,0.59,
Isolation Forest (unsupervised),an_iforest,Unsupervised,[3] [9],,,0.3194888178913738,0.5405405405405406,0.40160642570281124,0.4748338081671415,0.8163348884829729,0.4064859089199378,0.09169177787343952,0.5376960552257998,
Local Outlier Factor (unsupervised),an_lof,Unsupervised,[9],,,0.13662790697674418,0.25405405405405407,0.1776937618147448,0.21678966789667897,0.6296424707100557,0.11888866593305755,0.12785191562634524,1.1176243500743863,
ECOD-lite (unsupervised),an_ecod,Unsupervised,[9] [14],,,0.17559523809523808,0.31891891891891894,0.22648752399232247,0.2741635687732342,0.6667217368035276,0.15357283405444483,0.11924235901851055,3.033047365158758,
Autoencoder (unsupervised),an_ae,Unsupervised,[4] [7],,,0.12962962962962962,0.22702702702702704,0.1650294695481336,0.19736842105263158,0.6095519540203139,0.1219187407080361,0.12139474817046922,0.5216186836530292,
