rule,name,category,fired,fired_rate,precision,lift,recall
C09,Rushed and expensive,Emerging patterns,110,0.043859649122807015,0.6090909090909091,8.257297297297297,0.3621621621621622
C04,Extreme claim amount,Amount anomalies,13,0.00518341307814992,0.5384615384615384,7.299792099792099,0.03783783783783784
C01,Very fast submission,Timing,167,0.06658692185007975,0.5149700598802395,6.981323838808868,0.4648648648648649
C10,"High-volume provider, high amount",Emerging patterns,18,0.007177033492822967,0.3333333333333333,4.518918918918919,0.032432432432432434
C02,Amount far above procedure norm,Amount anomalies,122,0.04864433811802233,0.3114754098360656,4.222596366858662,0.20540540540540542
C03,Amount far above diagnosis norm,Amount anomalies,124,0.049441786283891544,0.29838709677419356,4.04516129032258,0.2
C05,High provider monthly volume,Provider behaviour,54,0.0215311004784689,0.25925925925925924,3.5147147147147146,0.07567567567567568
C08,Elderly and costly,Clinical,27,0.01076555023923445,0.2222222222222222,3.0126126126126125,0.032432432432432434
C07,Many prior visits,Clinical,93,0.03708133971291866,0.10752688172043011,1.4577157802964256,0.05405405405405406
C11,No chronic condition but many visits,Emerging patterns,159,0.06339712918660287,0.0880503144654088,1.1936766955634879,0.07567567567567568
C12,Weekend submission,Timing,769,0.3066188197767145,0.07022106631989597,0.951969915298914,0.2918918918918919
C06,Long stay,Clinical,0,0.0,,,0.0
